{
    "epoch": 100.0,
    "eval_bleu": 0.186,
    "eval_gen_len": 25.4842,
    "eval_loss": 4.184615612030029,
    "eval_runtime": 9.7536,
    "eval_samples": 888,
    "eval_samples_per_second": 91.044,
    "eval_steps_per_second": 1.435,
    "predict_bleu": 0.1466,
    "predict_gen_len": 20.5026,
    "predict_loss": 5.104589462280273,
    "predict_runtime": 10.5226,
    "predict_samples": 1138,
    "predict_samples_per_second": 108.148,
    "predict_steps_per_second": 1.711,
    "total_flos": 1.1071101974803907e+18,
    "train_loss": 1.123260397659967,
    "train_runtime": 96380.4057,
    "train_samples": 116654,
    "train_samples_per_second": 121.035,
    "train_steps_per_second": 3.783
}